task_id,rows,cols,depth_target,depth_opt,algorithm,solved,path_length,iterations,max_open,open_end,max_memory,elapsed_time_sec,seed,start_state,goal_state
3,4,4,2,2,BFS,False,2,13,52,51,64,0.00020589999621734023,374463918,1001/1001/0000/0000,1111/0000/0000/0000
3,4,4,2,2,IDDFS,False,2,17,3,0,3,6.9500005338341e-05,374463918,1001/1001/0000/0000,1111/0000/0000/0000
3,4,4,2,2,A*(h1) - Misplaced Tiles,False,2,4,17,16,20,0.00010289999772794545,374463918,1001/1001/0000/0000,1111/0000/0000/0000
3,4,4,2,2,A*(h2) - Manhattan Distance,False,2,8,35,34,42,0.0009419999842066318,374463918,1001/1001/0000/0000,1111/0000/0000/0000
2,4,4,2,2,BFS,False,2,15,62,61,76,0.00022369998623616993,1149664691,1010/1010/0000/0000,1111/0000/0000/0000
2,4,4,2,2,IDDFS,False,2,20,3,0,3,7.189999450929463e-05,1149664691,1010/1010/0000/0000,1111/0000/0000/0000
2,4,4,2,2,A*(h1) - Misplaced Tiles,False,2,5,23,22,27,0.00013150001177564263,1149664691,1010/1010/0000/0000,1111/0000/0000/0000
2,4,4,2,2,A*(h2) - Manhattan Distance,False,2,9,43,42,51,0.0010992999887093902,1149664691,1010/1010/0000/0000,1111/0000/0000/0000
1,4,4,2,2,BFS,False,2,62,174,171,233,0.0007717999978922307,224899942,1011/0000/0010/0000,1111/0000/0000/0000
1,4,4,2,2,IDDFS,False,2,119,3,0,3,0.00018270002328790724,224899942,1011/0000/0010/0000,1111/0000/0000/0000
1,4,4,2,2,A*(h1) - Misplaced Tiles,False,2,8,42,41,49,0.00023880001390352845,224899942,1011/0000/0010/0000,1111/0000/0000/0000
1,4,4,2,2,A*(h2) - Manhattan Distance,False,2,10,50,49,59,0.0016351999947801232,224899942,1011/0000/0010/0000,1111/0000/0000/0000
4,4,4,4,4,BFS,False,4,277,393,392,669,0.0036588000075425953,1749090055,0010/0111/0000/0000,1111/0000/0000/0000
4,4,4,4,4,IDDFS,False,4,1978,5,0,5,0.0025134000170510262,1749090055,0010/0111/0000/0000,1111/0000/0000/0000
4,4,4,4,4,A*(h1) - Misplaced Tiles,False,4,40,121,120,160,0.0008978999976534396,1749090055,0010/0111/0000/0000,1111/0000/0000/0000
4,4,4,4,4,A*(h2) - Manhattan Distance,False,4,121,271,270,391,0.015978699986590073,1749090055,0010/0111/0000/0000,1111/0000/0000/0000
5,4,4,4,4,BFS,False,4,497,544,531,1028,0.006350599986035377,1144839923,1101/0000/0000/0010,1111/0000/0000/0000
5,4,4,4,4,IDDFS,False,4,5933,5,0,5,0.0074136999901384115,1144839923,1101/0000/0000/0010,1111/0000/0000/0000
5,4,4,4,4,A*(h1) - Misplaced Tiles,False,4,66,195,194,260,0.0014891999890096486,1144839923,1101/0000/0000/0010,1111/0000/0000/0000
5,4,4,4,4,A*(h2) - Manhattan Distance,False,4,95,244,243,338,0.011895199975697324,1144839923,1101/0000/0000/0010,1111/0000/0000/0000
6,4,4,4,4,BFS,False,4,373,386,383,756,0.004612999997334555,462568970,0011/0010/0010/0000,1111/0000/0000/0000
6,4,4,4,4,IDDFS,False,4,5097,5,0,5,0.006527699995785952,462568970,0011/0010/0010/0000,1111/0000/0000/0000
6,4,4,4,4,A*(h1) - Misplaced Tiles,False,4,59,173,172,231,0.0014214999973773956,462568970,0011/0010/0010/0000,1111/0000/0000/0000
6,4,4,4,4,A*(h2) - Manhattan Distance,False,4,98,235,234,332,0.01263660000404343,462568970,0011/0010/0010/0000,1111/0000/0000/0000
7,4,4,6,6,BFS,False,6,1335,594,359,1694,0.016332800005329773,163868757,1000/1000/0100/0001,1111/0000/0000/0000
7,4,4,6,6,IDDFS,False,6,323474,7,0,7,0.41296350001357496,163868757,1000/1000/0100/0001,1111/0000/0000/0000
7,4,4,6,6,A*(h1) - Misplaced Tiles,False,6,257,436,435,692,0.005832199996802956,163868757,1000/1000/0100/0001,1111/0000/0000/0000
7,4,4,6,6,A*(h2) - Manhattan Distance,False,6,499,565,564,1063,0.0654029999859631,163868757,1000/1000/0100/0001,1111/0000/0000/0000
9,4,4,6,6,BFS,False,6,1731,665,87,1818,0.020095999992918223,1426778249,0001/0000/1101/0000,1111/0000/0000/0000
9,4,4,6,6,IDDFS,False,6,1376732,7,0,7,1.727907199994661,1426778249,0001/0000/1101/0000,1111/0000/0000/0000
9,4,4,6,6,A*(h1) - Misplaced Tiles,False,6,417,642,641,1058,0.009393099986482412,1426778249,0001/0000/1101/0000,1111/0000/0000/0000
9,4,4,6,6,A*(h2) - Manhattan Distance,False,6,744,672,618,1362,0.08707239999785088,1426778249,0001/0000/1101/0000,1111/0000/0000/0000
8,4,4,6,6,BFS,False,6,1694,654,111,1805,0.020918099995469674,1628326613,1000/0001/0010/1000,1111/0000/0000/0000
8,4,4,6,6,IDDFS,False,6,1962062,7,0,7,2.474575400003232,1628326613,1000/0001/0010/1000,1111/0000/0000/0000
8,4,4,6,6,A*(h1) - Misplaced Tiles,False,6,384,615,614,998,0.008412900002440438,1628326613,1000/0001/0010/1000,1111/0000/0000/0000
8,4,4,6,6,A*(h2) - Manhattan Distance,False,6,706,677,635,1341,0.08479960000840947,1628326613,1000/0001/0010/1000,1111/0000/0000/0000
12,4,4,8,8,BFS,False,8,1817,548,3,1820,0.021402200014563277,685744792,0000/1000/0110/0100,1111/0000/0000/0000
12,4,4,8,8,IDDFS,False,8,87830306,9,0,9,113.09624499999336,685744792,0000/1000/0110/0100,1111/0000/0000/0000
12,4,4,8,8,A*(h1) - Misplaced Tiles,False,8,1405,629,333,1738,0.027948400005698204,685744792,0000/1000/0110/0100,1111/0000/0000/0000
12,4,4,8,8,A*(h2) - Manhattan Distance,False,8,1612,684,175,1787,0.1738527000125032,685744792,0000/1000/0110/0100,1111/0000/0000/0000
10,4,4,8,8,BFS,False,8,1820,571,0,1820,0.021205400000326335,1463717239,0000/0100/0011/0010,1111/0000/0000/0000
10,4,4,8,8,IDDFS,False,8,124257168,9,0,9,161.38595409999834,1463717239,0000/0100/0011/0010,1111/0000/0000/0000
10,4,4,8,8,A*(h1) - Misplaced Tiles,False,8,1422,665,346,1768,0.030842200008919463,1463717239,0000/0100/0011/0010,1111/0000/0000/0000
10,4,4,8,8,A*(h2) - Manhattan Distance,False,8,1629,687,167,1796,0.18037420001928695,1463717239,0000/0100/0011/0010,1111/0000/0000/0000
11,4,4,8,8,BFS,False,8,1819,534,1,1820,0.02115860002231784,222915915,0001/0000/0101/1000,1111/0000/0000/0000
11,4,4,8,8,IDDFS,False,8,169693851,9,0,9,222.542947000009,222915915,0001/0000/0101/1000,1111/0000/0000/0000
11,4,4,8,8,A*(h1) - Misplaced Tiles,False,8,1099,670,580,1679,0.02236329999868758,222915915,0001/0000/0101/1000,1111/0000/0000/0000
11,4,4,8,8,A*(h2) - Manhattan Distance,False,8,1433,617,350,1783,0.1463332999846898,222915915,0001/0000/0101/1000,1111/0000/0000/0000
13,4,4,10,10,BFS,False,10,1820,452,0,1820,0.022434799990151078,1621757232,0000/0001/0000/0111,1111/0000/0000/0000
13,4,4,10,10,IDDFS,False,-,-,-,-,-,250,1621757232,0000/0001/0000/0111,1111/0000/0000/0000
13,4,4,10,10,A*(h1) - Misplaced Tiles,False,10,1688,549,126,1814,0.03352549998089671,1621757232,0000/0001/0000/0111,1111/0000/0000/0000
13,4,4,10,10,A*(h2) - Manhattan Distance,False,10,1777,548,40,1817,0.16536069998983294,1621757232,0000/0001/0000/0111,1111/0000/0000/0000
14,4,4,10,10,BFS,False,10,1818,457,2,1820,0.0212967999977991,28325487,0000/1000/0000/1011,1111/0000/0000/0000
14,4,4,10,10,IDDFS,False,-,-,-,-,-,250,28325487,0000/1000/0000/1011,1111/0000/0000/0000
14,4,4,10,10,A*(h1) - Misplaced Tiles,False,10,1714,557,101,1815,0.03279259998816997,28325487,0000/1000/0000/1011,1111/0000/0000/0000
14,4,4,10,10,A*(h2) - Manhattan Distance,False,10,1791,575,29,1820,0.1725027000065893,28325487,0000/1000/0000/1011,1111/0000/0000/0000
15,4,4,10,10,BFS,False,10,1819,457,1,1820,0.021146100014448166,438244379,0000/1000/0000/1110,1111/0000/0000/0000
15,4,4,10,10,IDDFS,False,-,-,-,-,-,250,438244379,0000/1000/0000/1110,1111/0000/0000/0000
15,4,4,10,10,A*(h1) - Misplaced Tiles,False,10,1688,549,126,1814,0.032369499997003004,438244379,0000/1000/0000/1110,1111/0000/0000/0000
15,4,4,10,10,A*(h2) - Manhattan Distance,False,10,1777,548,40,1817,0.16676549997646362,438244379,0000/1000/0000/1110,1111/0000/0000/0000
